roc_auc,average_precision
0.854308943089431,0.7817329764671012
